id,course,name,type,weight_pct,due_date,due_week_of,date_precision,due_date_raw,scope_chapters,scope_source,materials_allowed,format,duration,source_file,confidence,note
LGL151-A01,LGL151,Quiz #1,quiz,15,,2026-09-21,week,"QUIZ #1 (15%) -- first line of the week-3 cell, week of Sept. 21",,unstated,,,,LGL151,high,"The syllabus states no scope. By this point weeks 1-2 have covered legal analysis, IRAC, the legal professions (Chapter 11) and the court system (Chapter 5). Worth confirming with Prof. Boyle."
LGL151-A02,LGL151,Case Presentation,presentation,15,,2026-09-28,week,"PRESENTATIONS BEGIN (15%) -- first line of the week-4 cell, week of Sept. 28",,unstated,,,,LGL151,medium,"Instructions in handouts/Presentation Instructions - Fall 2026.pdf: an assigned Law Society Tribunal decision found on CanLII, 5 minutes, one cue card, no slides, no notes read aloud, upload the case to Blackboard first. ATTRIBUTION UNCONFIRMED -- that handout says 15% (matching this course) but LGL160 also runs presentations and says 'see and follow instructions'. Your own presentation date is posted to Blackboard."
LGL151-A03,LGL151,Midterm,exam,30,,2026-10-19,week,MIDTERM (30%) -- week of Oct. 19,,unstated,,,,LGL151,high,
LGL151-A04,LGL151,Final Exam,exam,40,,2026-12-14,week,FINAL EXAM (40%) -- week of Dec. 14,,unstated,,,,LGL151,high,
LGL152-A01,LGL152,Midterm Test #1,test,30,,2026-10-01,week,MIDTERM TEST #1 (30%); Chapters 9-12; During in person class -- week of 10/1,9;10;11;12,stated,,,,LGL152,high,"Written in the in-person class, which is the Friday (Oct 2). LGL153 Test 1 is also Fri Oct 2 -- check the clash."
LGL152-A02,LGL152,Midterm Test #2,test,30,,2026-11-05,week,Midterm Test #2: Chapters 11-15 and 17 (30%) -- week of 11/5,11;12;13;14;15;17,stated,,,,LGL152,high,"Re-covers chapters 11-12 from Test #1, so this one is not purely forward-looking."
LGL152-A03,LGL152,Final Exam,exam,40,,2026-12-10,week,FINAL EXAM: in last in-person class: Chapters 1-8 (40%) -- week of 12/10,1;2;3;4;5;6;7;8,stated,,,,LGL152,high,"Chapters 1-8 of the TORTS text, not the contracts text -- the numbering restarts between segments. Written in the last in-person class (Fri Dec 11)."
LGL153-A01,LGL153,Test 1,test,30,2026-10-02,2026-09-28,exact,TEST 1: CHAPTERS 1-4 (30%) -- Oct. 2,1;2;3;4,stated,,,,LGL153,high,
LGL153-A02,LGL153,Test 2,test,35,2026-11-13,2026-11-09,exact,TEST 2: CHAPTERS 5-7 (35%) -- Nov. 13,5;6;7,stated,,,,LGL153,high,
LGL153-A03,LGL153,Final Exam,exam,35,2026-12-11,2026-12-07,exact,FINAL EXAM: CHAPTERS 8-10 (35%) -- Dec. 11,8;9;10,stated,,,,LGL153,high,"The cleanest non-cumulative split of the eight courses: 1-4, then 5-7, then 8-10, no overlap."
LGL154-A01,LGL154,Assignment # 1,assignment,6,2026-09-23,2026-09-21,exact,Assignment # 1 (6%) -- Wed 9/23,,unstated,,,,LGL154,high,
LGL154-A02,LGL154,In-Class Test # 1,test,20,2026-10-07,2026-10-05,exact,In-Class Test # 1 (20%) (95 Minutes) -- Wed 10/7,,unstated,,,95 minutes,LGL154,high,"Covers the lessons to date: symbols, watermarks, footnotes, endnotes, tables, letters, envelopes, labels, AODA compliance, headers and footers, section and page breaks."
LGL154-A03,LGL154,Assignment # 2,assignment,6,2026-10-21,2026-10-19,exact,Assignment # 2 (6%) -- Wed 10/21,,unstated,,,,LGL154,high,
LGL154-A04,LGL154,In-Class Test # 2,test,30,2026-11-04,2026-11-02,exact,In-Class Test # 2 (30%) (95 Minutes) -- Wed 11/4,,unstated,,,95 minutes,LGL154,high,
LGL154-A05,LGL154,Assignment # 3,assignment,3,2026-11-25,2026-11-23,exact,Assignment # 3 (3%) -- Wed 11/25,,unstated,,,,LGL154,high,
LGL154-A06,LGL154,In-Class Final Test # 3,test,35,2026-12-09,2026-12-07,exact,In-Class Final Test # 3 (35%) (95 Minutes) -- Wed 12/9,,unstated,,,95 minutes,LGL154,high,
LGL156-A01,LGL156,Quiz #1,quiz,10,,2026-10-07,week,Quiz #1 worth 10% during in person class -- week of 10/7,,unstated,,,,LGL156,high,"In-person class is the Wednesday. Reading is Chapter 5, Fairness Part 2: Bias."
LGL156-A02,LGL156,Midterm,exam,40,,2026-10-21,week,MIDTERM 40% (During in-person class this week) -- week of 10/21,,unstated,,,,LGL156,high,"Chapters 1-6 have been covered by this point, but the syllabus does not state the scope. Ask."
LGL156-A03,LGL156,Written Assignment,assignment,10,,2026-11-25,week,WRITTEN ASSIGNMENT DUE: worth 10% -- week of 11/25,,unstated,,,,LGL156,high,
LGL156-A04,LGL156,Final Exam,exam,40,,2026-12-16,week,Final Exam 40% -- week of 12/16,,unstated,,,,LGL156,high,
LGL160-A01,LGL160,In-class quiz,quiz,15,,2026-09-23,week,In-class quiz- 50 minutes- 15% -- week of 9/23,,unstated,,,50 minutes,LGL160,high,Listed in the Reading(s) column of the syllabus table rather than the Due column.
LGL160-A02,LGL160,Presentation outlines due,milestone,,2026-09-28,2026-09-28,exact,Presentation outlines due: September 28th at 12:00 p.m.,,unstated,,,,LGL160,high,"Hard deadline, noon. It appears on the week-of 9/30 row but falls in the PREVIOUS week. No separate weight; it feeds the 10% oral presentation."
LGL160-A03,LGL160,Oral Presentation,presentation,10,,2026-10-07,week,Presentations begin (10%) and continue throughout the term -- from week of 10/7,,unstated,,,,LGL160,high,"You must be ready to present in ANY class from this week onward, when called upon."
LGL160-A04,LGL160,Midterm Test,exam,25,,2026-10-21,week,MIDTERM TEST; IN CLASS; 25% OF FINAL MARK -- week of 10/21,,unstated,,,,LGL160,high,
LGL160-A05,LGL160,Drafting Assignment,assignment,15,,2026-11-18,week,Drafting Assignment due (15%) -- week of 11/18,,unstated,,,,LGL160,high,Instructions are given in the week-of 11/4 class.
LGL160-A06,LGL160,Final Exam,exam,35,,2026-12-16,week,FINAL EXAM 35% - In class -- week of 12/16,,unstated,,,,LGL160,high,
LGL225-A01,LGL225,Immigration Reference Tool Kit,milestone,,2026-09-30,2026-09-28,exact,No date printed for the kit itself. Assigned Wed 9/16 ('Create an immigration reference Tool Kit ... Required for Quiz #1'); the quiz is Wed 9/30.,,unstated,,,,LGL225,high,"No marks of its own, but it is the ONLY material permitted in the Sept 30 quiz, so it gates 20% of the course. Instructions in handouts/Activity_ Immigration Reference Toolkit. Part 1 is IRPR provisions (definitions of common-law partner, family member, dependent child, family class, fees, visa exemptions and the right Schedule); Part 2 is downloading the spousal sponsorship forms from the IRCC site -- IMM 5533, IMM 1344, IMM 5532, IMM 5476, IMM 0008, IMM 5669. Get the forms from canada.ca, not a search engine, because they go stale."
LGL225-A02,LGL225,Quiz,quiz,20,2026-09-30,2026-09-28,exact,Quiz - 20% Duration: 40 minutes -- Wed 9/30,,unstated,Immigration Tool Kit only,"Multiple-choice, true/false, short answer",40 minutes,LGL225,high,"Covers chapters 1-3 and the inadmissibility material, though the syllabus does not state the scope explicitly."
LGL225-A03,LGL225,Mid-term exam,exam,30,2026-11-04,2026-11-02,exact,Mid-term exam - 30% Duration: 90 minutes -- Wed 11/4,1;2;3;6;7,stated,"OPEN BOOK: textbook, reference materials, forms, calculator","Multiple-choice, true/false, short answers",90 minutes,LGL225,high,
LGL225-A04,LGL225,Assignment,assignment,20,2026-11-18,2026-11-16,exact,Assignment due -- Wed 11/18 (Due column on the 11/11 row reads 'Nov. 18. 2026'),,unstated,,,,LGL225,high,Handed out in the week of 11/11 with the humanitarian and compassionate grounds material.
LGL225-A05,LGL225,Final exam,exam,30,2026-12-16,2026-12-14,exact,Final exam - 30% Duration: 2 hours -- Wed 12/16,3;4;5;6;8;10,stated,"OPEN BOOK: textbook, reference materials, forms, calculator, tool kit","Multiple-choice, true/false, short answer",2 hours,LGL225,high,"Re-covers chapters 3 and 6 from the midterm, and skips 1, 2, 7 and 9 entirely. Read the stated list literally rather than assuming 'everything since the midterm'."
LGL250-A01,LGL250,Case Brief Assignment,assignment,10,2026-10-06,2026-10-05,exact,Case Brief Assignment - October 6,,unstated,,,,LGL250,high,Handed out in the week of 9/22.
LGL250-A02,LGL250,Midterm Test,test,35,2026-10-13,2026-10-12,exact,Midterm Test - October 13,,unstated,,,,LGL250,high,"Review happens in the Oct 6 class. Scope not stated -- chapters 1, 3, 5, 7, 8, 10 and 2 have been assigned by then."
LGL250-A03,LGL250,Research Assignment,assignment,20,2026-12-01,2026-11-30,exact,Research Assignment - December 1,,unstated,,,,LGL250,high,Handed out in the week of 11/3.
LGL250-A04,LGL250,Final Exam,exam,35,2026-12-15,2026-12-14,exact,Final Exam - December 15,,unstated,,,,LGL250,high,
