reading_id,status,updated,minutes,note
LGL151-W01-01-ch11,done,2026-09-13,,
LGL151-W02-02-ch5,done,2026-09-14,,
LGL152-W01-01-ch10,done,2026-09-17,,
LGL152-W01-01-ch9,done,2026-09-17,,
LGL152-W02-02-ch10,done,2026-09-17,,
LGL152-W03-03-ch11,done,2026-09-26,,
LGL152-W03-03-ch12,done,2026-09-26,,
LGL153-W01-01-ch1,done,2026-09-14,,
LGL153-W01-01-ch2,done,2026-09-14,,
LGL156-W01-01-ch1,done,2026-09-14,,
LGL156-W01-01-ch2,done,2026-09-14,,
LGL160-W01-01-ch1,done,2026-09-17,,
LGL160-W01-01-ch2,done,2026-09-17,,
LGL160-W02-02-ch2,done,2026-09-17,,
LGL160-W02-02-ch3,done,2026-09-17,,
LGL250-W01-01-ch1,done,2026-09-14,,
LGL250-W01-01-ch3,done,2026-09-17,,
