id,course,week_no,class_date,date_raw,topic,reading_raw,chapters,pages,due_item,due_type,weight_pct,lso_nums,source_file,confidence,note
LGL151-W01-01,LGL151,1,2026-09-08,Sept. 8,Introduction to legal analysis and the legal professions; review Academic Integrity Assignment; IRAC method,Chapter 11,11,,,,,,LGL151,high,
LGL151-W02-02,LGL151,2,2026-09-14,Sept. 14,The court system in Canada: organization and function of courts; role of the judiciary; judicial independence,Chapter 5,5,,,,,171;172;170,LGL151,high,
LGL151-W03-03,LGL151,3,2026-09-21,Sept. 21,Structure of government in Canada: relationship between the three branches; responsible government,Chapter 4 (pages 90-91),4,90-91,QUIZ #1 (15%),quiz,15,167,LGL151,high,
LGL151-W04-04,LGL151,4,2026-09-28,Sept. 28,Structure of government in Canada (cont'd): executive power; Crown immunity; limits of executive influence,Chapter 4 (pages 109-117),4,109-117,PRESENTATIONS BEGIN (15%),presentation,15,167,LGL151,high,Presentations run across several weeks; your own slot is posted to Blackboard.
LGL151-W05-05,LGL151,5,2026-10-05,Oct. 05,Systems of law: civil law; common law; use of precedent; stare decisis; arguing against precedent; Indigenous legal systems; comparison of legal systems,Chapter 2 Chapter 5 (pgs 144-145) Chapter 3 (pgs 60-62) Chapter 10 (pgs 295-298,2;3;5;10,144-145;60-62;295-298,,,,168;170,LGL151,high,
LGL151-W06-06,LGL151,6,2026-10-12,Oct. 12,Legislative power: federal and provincial law-making; how statutes are made and interpreted; subordinate legislation; parliamentary supremacy,Chapter 4 ( pgs 90-91; 101-103; 106-108) --pp. 122-124,4,90-91;101-103;106-108;122-124,,,,167;170,LGL151,medium,"Mon Oct 12 is Thanksgiving and Seneca is closed, but the syllabus still lists a class. Confirm with Prof. Boyle."
LGL151-W07-07,LGL151,7,2026-10-19,Oct. 19,MIDTERM (30%),,,,MIDTERM (30%),exam,30,,LGL151,high,
LGL151-W08-08,LGL151,8,2026-10-26,Oct. 26,STUDY WEEK - NO CLASSES,,,,,study_week,,,LGL151,high,
LGL151-W09-09,LGL151,9,2026-11-02,Nov. 02,Types of law: rule of law; divisions of law; private vs public; procedural vs substantive. Business and consumer law: Repair and Storage Liens Act; Sale of Goods Act; Consumer Protection Act 2002; Competition Act; Food and Drugs Act. Property law (covered in LGL153),Chapter 1 (pgs 17-20) Chapter 7 (pgs 184-185) Chapter 8 (pgs 238 -243) Chapter 7 (pgs 207-213),1;7;8,17-20;184-185;238-243;207-213,,,,169;170;176;177;175,LGL151,high,
LGL151-W10-10,LGL151,10,2026-11-09,Nov. 09,The Constitution: history and repatriation; Indigenous issues; division of powers; amending formulae,Chapter 3 (pgs 70-83) Chapter 4 (pgs 91-101),3;4,70-83;91-101,,,,173;172,LGL151,high,
LGL151-W11-11,LGL151,11,2026-11-16,Nov. 16,The Charter: civil liberties and human rights; application of the Charter; overview of rights and freedoms; remedies and enforcement,Chapter 6,6,,,,,174,LGL151,high,
LGL151-W12-12,LGL151,12,2026-11-23,Nov. 23,The Charter (continued); conducting a Charter analysis,,,,,,,174,LGL151,high,
LGL151-W13-13,LGL151,13,2026-11-30,Nov. 30,"Application of the Charter: key decisions interpreting the Charter (R v Oakes; R v Morgentaler; R v Therens; R v Big M Drug Mart; Andrews v Law Society of BC; Canada (AG) v Bedford; Schachter v Canada; Carter v Canada (AG); R v Cole; R v Spencer; R v Fearon; R v Jordan; R v Kapp; Irwin Toy v Quebec (AG); R v Marakah). Conducting a s.24(2) analysis, the Grant test",,,,,,,174,LGL151,high,"Syllabus prints 'Andrew v. Law Society of British Columbia'; the case is Andrews v Law Society of British Columbia, [1989] 1 SCR 143."
LGL151-W14-14,LGL151,14,2026-12-07,Dec. 7,EXAM REVIEW,,,,,,,,LGL151,high,
LGL151-W15-15,LGL151,15,2026-12-14,Dec. 14,FINAL EXAM (40%),,,,FINAL EXAM (40%),exam,40,,LGL151,high,
LGL152-W01-01,LGL152,1,2026-09-10,9/10,"Contracts: an introduction. Formation of contract: elements of a legally enforceable contract (intention, offer, acceptance, consideration). Cases: Balfour v Balfour; Jones v Padavatton; Carlill v Carbolic Smoke Ball; St John Tugboat v Irving Refinery",Chapters 9 and 10,9;10,,,,,290;291;297,LGL152,high,
LGL152-W02-02,LGL152,2,2026-09-17,9/17,Formation of a contract (cont'd): consideration; gratuitous promises; estoppel; form and writing. Cases: Central London Property Trust v High Trees House; Sargent v Nicholson,Chapter 10,10,,,,,297,LGL152,high,
LGL152-W03-03,LGL152,3,2026-09-24,9/24,Formation of contract: legality; Statute of Frauds; capacity; minors; incompetence. Cases: Nash v Inman; Toronto Marlboro Major Junior A Hockey Club v Tonelli,Chapter 11 and 12,11;12,,,,,297,LGL152,high,
LGL152-W04-04,LGL152,4,2026-10-01,10/1,"MIDTERM TEST #1 (30%), chapters 9-12, during in-person class. Then contract interpretation: classification of contractual provisions (terms, representations, warranties and conditions); parole evidence rule; penalty clauses; privity; vicarious performance; assignment; discharge. Cases: Tilden Rent-a-Car v Clendenning; Hirsch v duBrule; Krell v Henry; Taylor v Caldwell",Chapter 13,13,,MIDTERM TEST #1 (30%); Chapters 9-12; During in person class,test,30,296;298;299;300;301,LGL152,high,
LGL152-W05-05,LGL152,5,2026-10-08,10/8,Discharge and frustration. Cases: Taylor v Caldwell,Chapter 15,15,,,,,296;298;299;300;301,LGL152,high,
LGL152-W06-06,LGL152,6,2026-10-15,10/15,Contractual defects: misrepresentation; mistake; duress; undue influence; unconscionability,Chapter 14,14,,,,,296;298;299;300,LGL152,high,
LGL152-W07-07,LGL152,7,2026-10-22,10/22,Breach of contract; remedies; damages; mitigation. Cases: Baxendale [Hadley v Baxendale]; Jarvis v Swans Tours,Chapter 17,17,,,,,296;298;299;300;301;302;303,LGL152,high,
LGL152-W08-08,LGL152,8,2026-10-29,10/29,Study Week,,,,,study_week,,,LGL152,high,
LGL152-W08-09,LGL152,8,2026-10-30,10/30,Study Week,,,,,study_week,,,LGL152,high,
LGL152-W09-10,LGL152,9,2026-11-05,11/5,"Midterm Test #2 (30%), chapters 11-15 and 17. Then introduction to tort law: history; types; elements; levels of guilty mentality. Intentional torts: assault; battery; intentional infliction of mental suffering; false imprisonment; malicious prosecution; abuse of process; trespass to land; nuisance; trespass to chattels; privacy; intrusion upon seclusion. Cases: Malette v Shulman; Prinzo v Baycrest; Wilkinson v Downton; Banyasz v K-Mart; Nelles v Ontario; Jones v Tsige; Hill v Church of Scientology","Chapter 1, 2 and 3",1;2;3,,Midterm Test #2: Chapters 11-15 and 17 (30%),test,30,290;291,LGL152,high,
LGL152-W10-11,LGL152,10,2026-11-12,11/12,Intentional torts (continued). Defences to intentional torts: consent; self-defence; defence of others; defence of property; provocation; necessity; legal authority; limitation periods; defences to defamation; anti-SLAPP legislation,"Chapters 2, 3, and 4",2;3;4,,,,,290;291,LGL152,high,
LGL152-W11-12,LGL152,11,2026-11-19,11/19,Introduction to negligence: elements; damages. Cases: Donoghue v Stevenson; Mustapha v Culligan Waters; Palsgraf v Long Island Railway; Crocker v Sundance; Snushall v Fulsang,Chapter 5,5,,,,,291;294;295;296,LGL152,high,
LGL152-W12-13,LGL152,12,2026-11-26,11/26,Defences to negligence: voluntary assumption of risk; contributory negligence; limitation periods; illegality; multiple tortfeasors (apportionment). Cases: Crocker v Sundance; Snushall v Fulsang,Chapter 6,6,,,,,291;294;295;296,LGL152,high,
LGL152-W13-14,LGL152,13,2026-12-03,12/3,Special cases of liability: occupiers liability; host liability; product liability; strict liability; vicarious liability; limitations. Cases: Rylands v Fletcher; Resurfice Corp v Hanke; Jordan House v Menow; Hunt v Sutton House Realty; Childs v Desormeaux; Rankin v JJ,Chapter 7 and 8,7;8,,,,,292;293;294,LGL152,high,
LGL152-W14-15,LGL152,14,2026-12-10,12/10,Remedies: purpose; types. Cases: Andrews v Grand and Toy; Arnold v Teno; Thornton v Prince George School. FINAL EXAM in last in-person class: chapters 1-8 (40%),Chapter 8,8,,FINAL EXAM: in last in-person class: Chapters 1-8 (40%),exam,40,292;293;294;296,LGL152,high,
LGL153-W01-01,LGL153,1,2026-09-11,Sept. 11,Introduction. Business organizations,1-2,1;2,,,,,3;44;75;176;209;210;272,LGL153,high,
LGL153-W02-02,LGL153,2,2026-09-18,Sept. 18,Business organizations cont'd,3,3,,,,,3;44;75;176;209;210;272,LGL153,high,
LGL153-W03-03,LGL153,3,2026-09-25,Sept. 25,Personal property law,4,4,,,,,3;44;75;176;209;210;272,LGL153,high,
LGL153-W04-04,LGL153,4,2026-10-02,Oct. 2,TEST 1: CHAPTERS 1-4 (30%),,,,TEST 1: CHAPTERS 1-4 (30%),test,30,,LGL153,high,
LGL153-W05-05,LGL153,5,2026-10-09,Oct. 9,Real property law,5,5,,,,,3;44;175,LGL153,high,
LGL153-W06-06,LGL153,6,2026-10-16,Oct. 16,Real property law cont'd. Mortgages/charges,5 6,5;6,,,,,3;44;175,LGL153,high,
LGL153-W07-07,LGL153,7,2026-10-23,Oct. 23,Mortgages/charges,6,6,,,,,3;44;175,LGL153,high,
LGL153-W08-08,LGL153,8,2026-10-30,Oct. 30,STUDY WEEK,,,,,study_week,,,LGL153,high,
LGL153-W09-09,LGL153,9,2026-11-06,Nov. 6,Intellectual property,7,7,,,,,,LGL153,high,
LGL153-W10-10,LGL153,10,2026-11-13,Nov. 13,TEST 2: CHAPTERS 5-7 (35%),,,,TEST 2: CHAPTERS 5-7 (35%),test,35,,LGL153,high,
LGL153-W11-11,LGL153,11,2026-11-20,Nov. 20,Wills,8,8,,,,,3;44;272,LGL153,high,
LGL153-W12-12,LGL153,12,2026-11-27,Nov. 27,Estate administration. Powers of attorney. Exam review,9-10,9;10,,,,,3;44;272,LGL153,high,
LGL153-W13-13,LGL153,13,2026-12-04,Dec. 4,Powers of attorney. Exam review,10,10,,,,,3;44;272,LGL153,high,
LGL153-W14-14,LGL153,14,2026-12-11,Dec. 11,FINAL EXAM: CHAPTERS 8-10 (35%),,,,FINAL EXAM: CHAPTERS 8-10 (35%),exam,35,,LGL153,high,
LGL154-W01-01,LGL154,1,2026-09-09,Wed 9/9,"Introduction to the course. Lesson: symbols, watermarks, footnotes, endnotes, tables",,,,,,,,LGL154,high,
LGL154-W02-02,LGL154,2,2026-09-16,Wed 9/16,"Lesson: letters, envelopes, labels, professional writing guidelines",,,,,,,,LGL154,high,
LGL154-W03-03,LGL154,3,2026-09-23,Wed 9/23,"Lesson: AODA compliance, headers and footers",,,,Assignment # 1 (6%),assignment,6,,LGL154,high,
LGL154-W04-04,LGL154,4,2026-09-30,Wed 9/30,"Lesson: section breaks, page breaks, automated page numbers",,,,,,,,LGL154,high,
LGL154-W05-05,LGL154,5,2026-10-07,Wed 10/7,In-Class Test # 1 (20%),,,,In-Class Test # 1 (20%) (95 Minutes),test,20,,LGL154,high,
LGL154-W06-06,LGL154,6,2026-10-14,Wed 10/14,"Lesson: emails, disclaimers, signatures, styles, automated tables of contents",,,,,,,,LGL154,high,
LGL154-W07-07,LGL154,7,2026-10-21,Wed 10/21,"Lesson: headings, jurats, retainers, authorizations, directions, memoranda",,,,Assignment # 2 (6%),assignment,6,,LGL154,high,
LGL154-W08-08,LGL154,8,2026-10-28,Wed 10/28,Study Week,,,,,study_week,,,LGL154,high,
LGL154-W09-09,LGL154,9,2026-11-04,Wed 11/4,In-Class Test # 2,,,,In-Class Test # 2 (30%) (95 Minutes),test,30,,LGL154,high,
LGL154-W10-10,LGL154,10,2026-11-11,Wed 11/11,Lesson: introduction to OneDrive/GoogleDrive and forms using Developer,,,,,,,,LGL154,high,
LGL154-W11-11,LGL154,11,2026-11-18,Wed 11/18,Lesson: introduction to Excel,,,,,,,,LGL154,high,
LGL154-W12-12,LGL154,12,2026-11-25,Wed 11/25,Lesson: Excel Continue,,,,Assignment # 3 (3%),assignment,3,,LGL154,high,
LGL154-W13-13,LGL154,13,2026-12-02,Wed 12/2,Review for final test,,,,,,,,LGL154,high,
LGL154-W14-14,LGL154,14,2026-12-09,Wed 12/9,In-Class Final Test # 3,,,,In-Class Final Test # 3 (35%) (95 Minutes),test,35,,LGL154,high,
LGL154-W15-15,LGL154,15,2026-12-16,Wed 12/16,"Final exams in other courses - term ends Wednesday, December 16",,,,,,,,LGL154,high,
LGL156-W01-01,LGL156,1,2026-09-09,9/9,Week 1: Introduction to administrative law. The legal system: administrative agencies and tribunals,Chapter 1: Introduction to Administrative Law The Legal System Chapter 2: Administrative Agencies and Tribunals,1;2,,,,,2;4;5,LGL156,high,
LGL156-W02-02,LGL156,2,2026-09-16,9/16,Week 2: Foundations of administrative law,Chapter 3: Foundations of Administrative Law,3,,,,,4;5,LGL156,high,
LGL156-W03-03,LGL156,3,2026-09-23,9/23,Week 3: Foundations of administrative law continued. Procedural fairness: the right to be heard,Chapter 4: Fairness: The Right to Be Heard Chapter 3: Foundations of Administrative Law,3;4,,,,,2;3;4;5;6,LGL156,high,
LGL156-W04-04,LGL156,4,2026-09-30,9/30,"Week 4: Completion of procedural fairness, the right to be heard. Procedural fairness part 2: bias","Chapter 4: Fairness: The Right to Be Heard Chapter 5: Fairness, Part 2: Bias",4;5,,,,,2;4;5;6,LGL156,high,
LGL156-W05-05,LGL156,5,2026-10-07,10/7,Week 5: Completion of procedural fairness part 2: bias,"Chapter 5: Fairness, Part 2: Bias",5,,Quiz #1 worth 10% during in person class,quiz,10,2;4;6,LGL156,high,
LGL156-W06-06,LGL156,6,2026-10-14,10/14,"Week 6: The Charter and quasi-constitutional laws and their relationship to administrative law. Midterm review - structure, areas of review",Chapter 6: The Charter and Quasi-Constitutional Laws and Their Relationship to Administrative Law,6,,,,,1;6;7;8,LGL156,high,
LGL156-W07-07,LGL156,7,2026-10-21,10/21,Week 7: MIDTERM (during in-person class this week),,,,MIDTERM 40% (During in-person class this week),exam,40,,LGL156,high,
LGL156-W08-08,LGL156,8,2026-10-28,10/28,Study Week,,,,,study_week,,,LGL156,high,
LGL156-W08-09,LGL156,8,2026-10-29,10/29,Study Week,,,,,study_week,,,LGL156,high,
LGL156-W09-10,LGL156,9,2026-11-04,11/4,"Week 9: Human rights, and advocacy before civil servants, agencies and tribunals: procedures before hearings","Chapter 7: Advocacy Before Civil Servants, Agencies and Tribunals. Chapter 6: Human Rights",6;7,,,,,3;5,LGL156,high,
LGL156-W10-11,LGL156,10,2026-11-11,11/11,Week 10: Tribunal procedures before hearings,Chapter 8: Tribunal Procedures Before Hearings,8,,,,,3;5,LGL156,high,
LGL156-W11-12,LGL156,11,2026-11-18,11/18,Week 11: Tribunal procedures during hearings and control of the hearing process,Chapter 9: Tribunal Procedures During Hearings Chapter 11: Control of Hearing Process,9;11,,,,,1;3;5;6,LGL156,high,
LGL156-W12-13,LGL156,12,2026-11-25,11/25,Week 12: Conduct outside the hearing; decision making procedures,Chapter 12: Conduct Outside the Hearing Chapter 13: Decision Making Procedures,12;13,,WRITTEN ASSIGNMENT DUE: worth 10%,assignment,10,1;2;5;9;10,LGL156,high,
LGL156-W13-14,LGL156,13,2026-12-02,12/2,"Week 13: Challenging decisions, standard of review; enforcement of orders",Chapter 14: Challenging Decisions and Standard of Review Chapter 15: Enforcement of Orders,14;15,,,,,1;9,LGL156,high,
LGL156-W14-15,LGL156,14,2026-12-09,12/9,Week 14: Exam review,,,,,,,,LGL156,high,
LGL156-W15-16,LGL156,15,2026-12-16,12/16,Week 15: Final exam,,,,Final Exam 40%,exam,40,,LGL156,high,
LGL160-W01-01,LGL160,1,2026-09-09,9/9,"Introduction to the course: expectations; importance of effective and precise writing in the legal field. Effective legal writing: audience, purpose, plain language, point first, organization. Grammar, punctuation, syntax, style, active/passive voice, parallel structures. At home: readings for next week and practice grammar exercises",Chapters 1 and 2 Introduction to the presentation assignments,1;2,,,,,44;45,LGL160,high,
LGL160-W02-02,LGL160,2,2026-09-16,9/16,"Legal writing with style: legal jargon, expressions, contractions; numbers; redundant synonyms; extraneous adverbs; concise writing and clarity; wordy phrases; avoiding negatives; action verbs; modifiers; style of cause, statutes and Latin phrases",Chapters 2 and 3 Presentation schedule and topics posted,2;3,,,,,44;45;47,LGL160,high,
LGL160-W03-03,LGL160,3,2026-09-23,9/23,Legal writing with style: transitional words and phrases; headings and sub-headings. Effective oral communication: review presentation assignment; how to prepare a presentation; presentation structure; public speaking skills,"Chapter 3, Appendix B",3,,In-class quiz- 50 minutes- 15%,quiz,15,44;45;46;47,LGL160,high,"The quiz sits in the Reading(s) column of the source table, not the Due column."
LGL160-W04-04,LGL160,4,2026-09-30,9/30,"The writing process: plan, research, outline, draft, revise, edit, read out loud. Writing letters: format, structure, audience (clients, opposing parties, court staff); writing strategies","Chapter 1 (*pages 5-6), Chapter 8",1;8,5-6,Presentation outlines due: September 28th at 12:00 p.m. See and follow instructions,milestone,,46;47;48;49;50;51,LGL160,high,Outlines are due Mon Sept 28 at noon - BEFORE this row's week. No separate weight; it feeds the 10% oral presentation.
LGL160-W05-05,LGL160,5,2026-10-07,10/7,"Legal writing: letters and style cont'd - tone and civility. Legal arguments: IRAC; strongest argument first; one issue at a time; dealing with weaknesses and counterarguments; using appropriate legislation and caselaw. Consumer Protection Act, 2002. Practice IRAC at home","Chapters 3 (pp 73-75), 7, 8",3;7;8,73-75,"Presentations begin (10%) and continue throughout the term. Students must be ready to proceed in any class, when called upon",presentation,10,46;47;48;49;50;51,LGL160,high,You must be ready to present in ANY class from this week onward.
LGL160-W06-06,LGL160,6,2026-10-14,10/14,IRAC and the Consumer Protection Act cont'd; another statute (TBD). Legal arguments; legal writing. Midterm information and instructions,,,,Presentations continue,,,46;47;48;49;50;51,LGL160,high,
LGL160-W07-07,LGL160,7,2026-10-21,10/21,MIDTERM TEST; in class; 25% of final mark,,,,MIDTERM TEST; IN CLASS; 25% OF FINAL MARK,exam,25,,LGL160,high,
LGL160-W08-08,LGL160,8,2026-10-28,10/28,Study Week,,,,,study_week,,,LGL160,high,
LGL160-W09-09,LGL160,9,2026-11-04,11/4,Email and social media communication. Letter writing review. Review of mid-term test. Instructions for the drafting assignment,Chapter 10,10,,Presentations cont'd,,,46;47;48;49;50;51,LGL160,high,
LGL160-W10-10,LGL160,10,2026-11-11,11/11,"Email and social media communication (continued). Writing memoranda: format, types, writing strategies",Chapter 9,9,,,,,46;47;48;49;50;51,LGL160,high,
LGL160-W11-11,LGL160,11,2026-11-18,11/18,Writing memoranda: exercises. Legal forms: paralegal scope of practice; legal forms; administrative tribunals; litigation (Small Claims Court); Ontario Court of Justice provincial offences,Chapter 11,11,,Drafting Assignment due (15%),assignment,15,,LGL160,high,
LGL160-W12-12,LGL160,12,2026-11-25,11/25,Legal forms (continued). Editing checklist,,,,,,,46;47;48;49;50;51;52;53,LGL160,high,
LGL160-W13-13,LGL160,13,2026-12-02,12/2,Legal forms exercises. Proofreading,,,,,,,46;47;48;49;50;51;52;53,LGL160,high,
LGL160-W14-14,LGL160,14,2026-12-09,12/9,Finish work and presentations; grammar practice; information about the final exam,,,,Finish presentations. All student feedback due,,,46;47;48;49;50;51;52;53,LGL160,high,"Syllabus prints 'LSO Competencies 46053' -- read as 46-53, matching the two rows above it."
LGL160-W15-15,LGL160,15,2026-12-16,12/16,FINAL EXAM 35%,,,,FINAL EXAM 35% - In class,exam,35,,LGL160,high,
LGL225-W01-01,LGL225,1,2026-09-09,Wed 9/9,"Introduction. Sources of law: IRPA, IRPR, case law, policy. Administration of the Immigration, Refugee and Citizenship Program. Ministerial authority",Chapter 1 Chapter 2,1;2,,,,,,LGL225,high,
LGL225-W02-02,LGL225,2,2026-09-16,Wed 9/16,The 11 grounds of inadmissibility. Assigned activity: locate information in the Immigration and Refugee Protection Regulations and create an immigration reference Tool Kit (instructions posted to course folder). Required for Quiz #1,"Chapter 3 IRPA, s 34 IRPA, s 35 IRPA, s 36(1), 36(2), 37(1) IRPA, s 38 IRPA, s 39 IRPA, s 40 IRPA, s 41",3,,,,,,LGL225,high,"The Tool Kit is the ONLY material allowed in the Sept 30 quiz, so it has to be finished before then."
LGL225-W03-03,LGL225,3,2026-09-23,Wed 9/23,Overcoming inadmissibility. Rehabilitation; equivalency; deemed rehabilitation; counting time elapsed; how to apply for rehabilitation,"Chapter 3 IRPA, s 36(1) IRPA, s 36(2) IRPR, s 17 IRPR, s 18",3,,,,,,LGL225,high,
LGL225-W04-04,LGL225,4,2026-09-30,Wed 9/30,Quiz - 20%. Duration: 40 minutes,"Materials allowed: Immigration Tool Kit Format: Multiple-choice, True or false, short answer.",,,Quiz - 20% Duration: 40 minutes,quiz,20,,LGL225,high,
LGL225-W05-05,LGL225,5,2026-10-07,Wed 10/7,Permanent residence status: general provisions; loss of PR status; residency obligation. Fundamentals for the IAD,"Chapter 6 IRPA, s 28",6,,,,,,LGL225,high,
LGL225-W06-06,LGL225,6,2026-10-14,Wed 10/14,Permanent immigration - family class programs. Relationships in the context of family sponsorship. Fundamentals for the Immigration Appeal Division,"Chapter 7 IRPR, 117(1) IRPR, 117(2) IRPR, 117(3)",7,,,,,,LGL225,high,
LGL225-W07-07,LGL225,7,2026-10-21,Wed 10/21,Family class cont'd: excluded relationships; sponsorship process; sponsor eligibility and required documents; bars to sponsorship; principal applicant eligibility and required documents. Forms review integrated into the lesson,"Chapter 7 IRPR, 117(9) Course resources on Blackboard",7,,,,,,LGL225,high,
LGL225-W08-08,LGL225,8,2026-10-28,Wed 10/28,Study Week,,,,,study_week,,,LGL225,high,
LGL225-W09-09,LGL225,9,2026-11-04,Wed 11/4,Mid-term exam - 30%. Duration: 90 minutes,"Chapters 1,2,3,6, and 7 Permitted materials: Textbook, reference materials, forms and calculator. Format: Multiple-choice, True or false, short answers",1;2;3;6;7,,Mid-term exam - 30% Duration: 90 minutes,exam,30,,LGL225,high,OPEN BOOK.
LGL225-W10-10,LGL225,10,2026-11-11,Wed 11/11,Humanitarian and compassionate grounds: typical cases; who cannot apply; case law; evidence. Assignment handed out - 20%,"Chapter 9 IRPA, s 2",9,,,,,,LGL225,high,The Due column on this row reads 'Nov. 18. 2026' - the assignment is set here and due the following week.
LGL225-W11-11,LGL225,11,2026-11-18,Wed 11/18,Economic class: Federal Skilled Worker (FSW) program; points selection grid; Federal Skilled Trades (FST); Canadian Experience Class (CEC); eligibility requirements,"Chapter 8 IRPR, s 75(1) IRPR, s 76(1) IRPR, s 78(1) IRPR, s 79(1), (2), (3) IRPR, s 80(1) IRPR, s 81 IRPR, s 82(2) IRPR, s 83(1), (2), (5) IRPR, s 87.1(1), (2), (3) IRPR, s 87.2(1), (2), (3)",8,,Assignment due,assignment,20,,LGL225,high,
LGL225-W12-12,LGL225,12,2026-11-25,Wed 11/25,"Temporary residence status: visitors, students and workers. General provisions and application requirements for TRV, eTA, Super Visa. TRV exemptions; study permit exemptions; work permit exemptions; post-graduate work permit; extensions and restorations; required documents","Chapter 4 and 5 IRPR, s 179 IRPR, s 190 IRPR, s 182 IRPR, s 7(1) IRPR, s 7(2) IRPA, s 29(3) IRPR, s 182 IRPR, s 185 IRPR, s 186 IRPR, s 188 IRPR, s 200 IRPR, s 213, 214, 215, 216, 217, 2018",4;5,,,,,,LGL225,high,
LGL225-W13-13,LGL225,13,2026-12-02,Wed 12/2,Citizenship law: principles of becoming a Canadian citizen; naturalization and grant of citizenship; general application requirements; renouncing and revoking citizenship,"Chapter 10 CA, s 5(1)",10,,,,,,LGL225,high,
LGL225-W14-14,LGL225,14,2026-12-09,Wed 12/9,Pending matters and review,,,,,,,,LGL225,high,
LGL225-W15-15,LGL225,15,2026-12-16,Wed 12/16,Final exam - 30%. Duration: 2 hours,"Chapters 3, 4,5, 6, 8, and 10 Format: Multiple-choice, True or false, short answer. Permitted materials: Textbook, reference materials, forms and calculator, tool kit",3;4;5;6;8;10,,Final exam - 30% Duration: 2 hours,exam,30,,LGL225,high,OPEN BOOK.
LGL250-W01-01,LGL250,1,2026-09-08,9/8,Introduction to legal research. Purpose and basic steps of legal research. Categories and sources of law. Reading statutes and regulations,Chapter 1 Chapter 3 (pp. 65-79),1;3,65-79,,,,202;204,LGL250,high,
LGL250-W02-02,LGL250,2,2026-09-15,9/15,Citing and finding statutes and regulations (print). Introduction to finding statutes and regulations online,Chapter 5 (pp. 107-116),5,107-116,,,,202;204,LGL250,high,
LGL250-W03-03,LGL250,3,2026-09-22,9/22,Case Brief Assignment handed out. Reading cases,Chapter 7 (147-154; 163-168) Chapter 10,7;10,147-154;163-168,,,,203;205,LGL250,high,
LGL250-W04-04,LGL250,4,2026-09-29,9/29,Reading cases (cont'd). Case citations,Chapter 8,8,,,,,203;205,LGL250,high,
LGL250-W05-05,LGL250,5,2026-10-06,10/6,Analyzing facts and researching a subject. Midterm test review. Case Brief Assignment due - 10%,Chapter 2,2,,Case Brief Assignment - October 6,assignment,10,202;203,LGL250,high,
LGL250-W06-06,LGL250,6,2026-10-13,10/13,Midterm Test - 35%,,,,Midterm Test - October 13,test,35,,LGL250,high,
LGL250-W07-07,LGL250,7,2026-10-20,10/20,"Using online sources: overview, Boolean searches",Chapter 5 (pp. 117-119) Chapter 7 (pp. 154-162) Chapter 9,5;7;9,117-119;154-162,,,,202;203,LGL250,high,
LGL250-W08-08,LGL250,8,2026-10-27,10/27,Study Week,,,,,study_week,,,LGL250,high,
LGL250-W08-09,LGL250,8,2026-10-29,10/29,Study Week,,,,,study_week,,,LGL250,high,
LGL250-W09-10,LGL250,9,2026-11-03,11/3,Research Assignment handed out. The Canadian Encyclopedic Digest (CED) - print source discussed briefly. Lawsource: using the online version of the CED. The Canadian Abridgment (CAD). Lawsource: finding statutes and regulations,Chapter 3 Chapter 4 (pp. 92-95),3;4,92-95,,,,202;203,LGL250,high,
LGL250-W10-11,LGL250,10,2026-11-10,11/10,Lawsource: finding and updating cases and decisions. Analyzing a research problem from start to finish,Chapter 2,2,,,,,202;203;208,LGL250,high,
LGL250-W11-12,LGL250,11,2026-11-17,11/17,Lexis Advance Quicklaw: finding and updating cases; finding statutes and regulations,Chapter 9 Chapter 4 (pp. 96-100),4;9,96-100,,,,202;203,LGL250,high,
LGL250-W12-13,LGL250,12,2026-11-24,11/24,Finding statutes and regulations using government sites,Chapter 4 (pp. 80-104),4,80-104,,,,202,LGL250,high,
LGL250-W13-14,LGL250,13,2026-12-01,12/1,Research Assignment due - 20%. CanLII: finding and updating cases; finding statutes and regulations. Generative AI and legal research. Legal writing: memo of law / correspondence,Chapter 9 Chapter 4 (pp.88-92) Chapter 11,4;9;11,88-92,Research Assignment - December 1,assignment,20,202;203;206;207;208,LGL250,high,
LGL250-W14-15,LGL250,14,2026-12-08,12/8,Final exam review,,,,,,,,LGL250,high,
LGL250-W15-16,LGL250,15,2026-12-15,12/15,Final Exam - December 15,,,,Final Exam - 35%,exam,35,,LGL250,high,
