course,day,start,end,mode,room,source,confidence,note
LGL156,Tue,11:50,13:10,,,timetable,low,"Read off Rafael's Block NF timetable (week of Mon 14 Sept 2026). The SYLLABUS says LGL156 NPE meets Wed 5:10-6:55pm Newnham C-C3036 plus Thu 9:50-10:40am online. The timetable shows section NPF on Tue and Thu instead. Times read from the picture, not stated in words -- confirm both the section and the times."
LGL151,Tue,13:15,15:55,,,timetable,low,"Read off the Block NF timetable. courses.csv says only 'Mon' with no time, and data/schedule.csv dates every LGL151 class to a Monday. The timetable puts it Tuesday afternoon. Confirm before trusting either."
LGL250,Tue,17:10,18:55,in person,Newnham C-C3030,syllabus+timetable,high,"The syllabus and the timetable agree."
LGL225,Wed,08:55,10:40,online,,syllabus+timetable,high,"The syllabus and the timetable agree."
LGL154,Wed,12:35,14:20,in person,Newnham A-A4526,syllabus+timetable,high,"The syllabus and the timetable agree."
LGL160,Wed,14:25,17:05,in person,Newnham A-A4526,syllabus+timetable,high,"The syllabus and the timetable agree."
LGL250,Thu,09:50,10:40,online,,syllabus+timetable,high,"The syllabus and the timetable agree. Note the syllabus gives LGL156 this same slot; the timetable does not, which may settle open question 3."
LGL152,Thu,11:50,13:10,,,timetable,low,"Read off the Block NF timetable. The SYLLABUS says LGL152 NPE meets Thu 2:25-4:10pm online plus Fri 8-9:45am Newnham A-A4513. The timetable shows section NPF at different hours. Confirm the section first."
LGL156,Thu,14:25,15:05,,,timetable,low,"Read off the Block NF timetable -- a short block, about forty minutes. Not in the syllabus at all, which gives Thu 9:50-10:40am. Times read from the picture."
LGL152,Fri,10:05,11:45,,,timetable,low,"Read off the Block NF timetable. The syllabus says Fri 8-9:45am Newnham A-A4513 for section NPE. Confirm."
LGL153,Fri,14:25,15:45,,,timetable,low,"Read off the Block NF timetable. courses.csv says only 'Fri' with no time, so the day agrees and the hours are new. Times read from the picture."
